Workbook

Sheet Instrucciones
A1: Plantilla de análisis del piloto de P&L Quest
A2: 1. En la hoja Datos hay una fila por persona (hasta 30). Las celdas amarillas se llenan; las demás se calculan.
A3: 2. Test antes y después: escribe 1 si acertó la pregunta y 0 si no (el formulario lo entrega como puntaje por pregunta). Elige el grupo: A→B hizo la forma A antes y la B después; B→A al revés.
A4: 3. Observación: ¿terminó la partida? y en cuántos minutos (el juego los muestra al final, junto al plan: «mm:ss min»). Encuesta: utilidad de 1 a 5 y si una persona de finanzas objetó el P&L en pantalla.
A5: 4. La hoja Resumen compara antes y después con las metas del protocolo y propone una decisión. Con 12 a 15 personas el resultado es descriptivo, no una prueba estadística.
A6: 5. Esta plantilla no trae la clave de respuestas. Los datos de las personas no se guardan en el repositorio: usa IDs (P01, P02...) y guarda el archivo completado fuera de él.

Sheet Datos
A1: ID | B1: Grupo (forma antes→después) | C1: Antes P1 | D1: Antes P2 | E1: Antes P3 | F1: Antes P4 | G1: Antes P5 | H1: Antes total | I1: Después P1 | J1: Después P2 | K1: Después P3 | L1: Después P4 | M1: Después P5 | N1: Después total | O1: Ganancia (aciertos) | P1: Cambio | Q1: ¿Terminó la partida? | R1: Minutos de la partida | S1: Utilidad (1 a 5) | T1: ¿Objeción al P&L? | U1: Observaciones
A2: P01 | H2: =IF(COUNT(C2:G2)=5,SUM(C2:G2),"") | N2: =IF(COUNT(I2:M2)=5,SUM(I2:M2),"") | O2: =IF(AND(H2<>"",N2<>""),N2-H2,"") | P2: =IF(O2="","",IF(O2>0,"Mejoró",IF(O2<0,"Empeoró","Igual")))
A3: P02 | H3: =IF(COUNT(C3:G3)=5,SUM(C3:G3),"") | N3: =IF(COUNT(I3:M3)=5,SUM(I3:M3),"") | O3: =IF(AND(H3<>"",N3<>""),N3-H3,"") | P3: =IF(O3="","",IF(O3>0,"Mejoró",IF(O3<0,"Empeoró","Igual")))
A4: P03 | H4: =IF(COUNT(C4:G4)=5,SUM(C4:G4),"") | N4: =IF(COUNT(I4:M4)=5,SUM(I4:M4),"") | O4: =IF(AND(H4<>"",N4<>""),N4-H4,"") | P4: =IF(O4="","",IF(O4>0,"Mejoró",IF(O4<0,"Empeoró","Igual")))
A5: P04 | H5: =IF(COUNT(C5:G5)=5,SUM(C5:G5),"") | N5: =IF(COUNT(I5:M5)=5,SUM(I5:M5),"") | O5: =IF(AND(H5<>"",N5<>""),N5-H5,"") | P5: =IF(O5="","",IF(O5>0,"Mejoró",IF(O5<0,"Empeoró","Igual")))
A6: P05 | H6: =IF(COUNT(C6:G6)=5,SUM(C6:G6),"") | N6: =IF(COUNT(I6:M6)=5,SUM(I6:M6),"") | O6: =IF(AND(H6<>"",N6<>""),N6-H6,"") | P6: =IF(O6="","",IF(O6>0,"Mejoró",IF(O6<0,"Empeoró","Igual")))
A7: P06 | H7: =IF(COUNT(C7:G7)=5,SUM(C7:G7),"") | N7: =IF(COUNT(I7:M7)=5,SUM(I7:M7),"") | O7: =IF(AND(H7<>"",N7<>""),N7-H7,"") | P7: =IF(O7="","",IF(O7>0,"Mejoró",IF(O7<0,"Empeoró","Igual")))
A8: P07 | H8: =IF(COUNT(C8:G8)=5,SUM(C8:G8),"") | N8: =IF(COUNT(I8:M8)=5,SUM(I8:M8),"") | O8: =IF(AND(H8<>"",N8<>""),N8-H8,"") | P8: =IF(O8="","",IF(O8>0,"Mejoró",IF(O8<0,"Empeoró","Igual")))
A9: P08 | H9: =IF(COUNT(C9:G9)=5,SUM(C9:G9),"") | N9: =IF(COUNT(I9:M9)=5,SUM(I9:M9),"") | O9: =IF(AND(H9<>"",N9<>""),N9-H9,"") | P9: =IF(O9="","",IF(O9>0,"Mejoró",IF(O9<0,"Empeoró","Igual")))
A10: P09 | H10: =IF(COUNT(C10:G10)=5,SUM(C10:G10),"") | N10: =IF(COUNT(I10:M10)=5,SUM(I10:M10),"") | O10: =IF(AND(H10<>"",N10<>""),N10-H10,"") | P10: =IF(O10="","",IF(O10>0,"Mejoró",IF(O10<0,"Empeoró","Igual")))
A11: P10 | H11: =IF(COUNT(C11:G11)=5,SUM(C11:G11),"") | N11: =IF(COUNT(I11:M11)=5,SUM(I11:M11),"") | O11: =IF(AND(H11<>"",N11<>""),N11-H11,"") | P11: =IF(O11="","",IF(O11>0,"Mejoró",IF(O11<0,"Empeoró","Igual")))
A12: P11 | H12: =IF(COUNT(C12:G12)=5,SUM(C12:G12),"") | N12: =IF(COUNT(I12:M12)=5,SUM(I12:M12),"") | O12: =IF(AND(H12<>"",N12<>""),N12-H12,"") | P12: =IF(O12="","",IF(O12>0,"Mejoró",IF(O12<0,"Empeoró","Igual")))
A13: P12 | H13: =IF(COUNT(C13:G13)=5,SUM(C13:G13),"") | N13: =IF(COUNT(I13:M13)=5,SUM(I13:M13),"") | O13: =IF(AND(H13<>"",N13<>""),N13-H13,"") | P13: =IF(O13="","",IF(O13>0,"Mejoró",IF(O13<0,"Empeoró","Igual")))
... A31: P30 | H31: =IF(COUNT(C31:G31)=5,SUM(C31:G31),"") | N31: =IF(COUNT(I31:M31)=5,SUM(I31:M31),"") | O31: =IF(AND(H31<>"",N31<>""),N31-H31,"") | P31: =IF(O31="","",IF(O31>0,"Mejoró",IF(O31<0,"Empeoró","Igual")))

Sheet Resumen
A1: Resumen del piloto
A3: Aprendizaje (test antes y después)
A4: Personas con las dos pruebas completas | B4: =COUNTIFS(Datos!O2:O31,">=-5")
A5: Promedio antes (% de aciertos) | B5: =IF(B4=0,"",IFERROR(AVERAGEIFS(Datos!H2:H31,Datos!O2:O31,">=-5"),"")/5)
A6: Promedio después (% de aciertos) | B6: =IF(B4=0,"",IFERROR(AVERAGEIFS(Datos!N2:N31,Datos!O2:O31,">=-5"),"")/5)
A7: Ganancia (puntos porcentuales) | B7: =IF(OR(B6="",B5=""),"",(B6-B5)*100)
A8: Meta: +20 puntos porcentuales | B8: =IF(B7="","",IF(B7>=20,"Cumple","No cumple"))
A9: Mejoraron / Igual / Empeoraron | B9: =COUNTIF(Datos!P2:P31,"Mejoró") | C9: =COUNTIF(Datos!P2:P31,"Igual") | D9: =COUNTIF(Datos!P2:P31,"Empeoró")
A10: Prueba de signos, p bilateral (descriptiva: n es pequeño) | B10: =IF(B9+D9=0,"",MIN(1,2*(1-BINOMDIST(MAX(B9,D9)-1,B9+D9,0.5,TRUE))))
A12: Por pregunta (la que menos subió pide revisar el juego o la pregunta)
B13: Antes | C13: Después | D13: Ganancia (pp)
A14: Pregunta 1 | B14: =IF($B$4=0,"",IFERROR(AVERAGEIFS(Datos!C2:C31,Datos!O2:O31,">=-5"),"")) | C14: =IF($B$4=0,"",IFERROR(AVERAGEIFS(Datos!I2:I31,Datos!O2:O31,">=-5"),"")) | D14: =IF(OR(C14="",B14=""),"",(C14-B14)*100)
A15: Pregunta 2 | B15: =IF($B$4=0,"",IFERROR(AVERAGEIFS(Datos!D2:D31,Datos!O2:O31,">=-5"),"")) | C15: =IF($B$4=0,"",IFERROR(AVERAGEIFS(Datos!J2:J31,Datos!O2:O31,">=-5"),"")) | D15: =IF(OR(C15="",B15=""),"",(C15-B15)*100)
A16: Pregunta 3 | B16: =IF($B$4=0,"",IFERROR(AVERAGEIFS(Datos!E2:E31,Datos!O2:O31,">=-5"),"")) | C16: =IF($B$4=0,"",IFERROR(AVERAGEIFS(Datos!K2:K31,Datos!O2:O31,">=-5"),"")) | D16: =IF(OR(C16="",B16=""),"",(C16-B16)*100)
A17: Pregunta 4 | B17: =IF($B$4=0,"",IFERROR(AVERAGEIFS(Datos!F2:F31,Datos!O2:O31,">=-5"),"")) | C17: =IF($B$4=0,"",IFERROR(AVERAGEIFS(Datos!L2:L31,Datos!O2:O31,">=-5"),"")) | D17: =IF(OR(C17="",B17=""),"",(C17-B17)*100)
A18: Pregunta 5 | B18: =IF($B$4=0,"",IFERROR(AVERAGEIFS(Datos!G2:G31,Datos!O2:O31,">=-5"),"")) | C18: =IF($B$4=0,"",IFERROR(AVERAGEIFS(Datos!M2:M31,Datos!O2:O31,">=-5"),"")) | D18: =IF(OR(C18="",B18=""),"",(C18-B18)*100)
A20: Por grupo (si los dos difieren mucho, las formas A y B no pesan igual)
B21: Personas | C21: Antes | D21: Después | E21: Ganancia (pp)
A22: Grupo A→B | B22: =COUNTIFS(Datos!O2:O31,">=-5",Datos!B2:B31,"A→B") | C22: =IF(B22=0,"",IFERROR(AVERAGEIFS(Datos!H2:H31,Datos!O2:O31,">=-5",Datos!B2:B31,"A→B"),"")/5) | D22: =IF(B22=0,"",IFERROR(AVERAGEIFS(Datos!N2:N31,Datos!O2:O31,">=-5",Datos!B2:B31,"A→B"),"")/5) | E22: =IF(OR(D22="",C22=""),"",(D22-C22)*100)
A23: Grupo B→A | B23: =COUNTIFS(Datos!O2:O31,">=-5",Datos!B2:B31,"B→A") | C23: =IF(B23=0,"",IFERROR(AVERAGEIFS(Datos!H2:H31,Datos!O2:O31,">=-5",Datos!B2:B31,"B→A"),"")/5) | D23: =IF(B23=0,"",IFERROR(AVERAGEIFS(Datos!N2:N31,Datos!O2:O31,">=-5",Datos!B2:B31,"B→A"),"")/5) | E23: =IF(OR(D23="",C23=""),"",(D23-C23)*100)
A25: El juego (observación y encuesta)
A26: Personas observadas (marcaron si terminaron la partida) | B26: =COUNTIF(Datos!Q2:Q31,"Sí")+COUNTIF(Datos!Q2:Q31,"No")
A27: Terminaron la partida en 30 minutos o menos | B27: =IF(B26=0,"",COUNTIFS(Datos!Q2:Q31,"Sí",Datos!R2:R31,"<=30")/B26)
A28: Meta: al menos 80% | B28: =IF(B27="","",IF(B27>=0.8,"Cumple","No cumple"))
A29: Utilidad promedio (1 a 5) | B29: =IFERROR(AVERAGE(Datos!S2:S31),"")
A30: Meta: al menos 4 | B30: =IF(B29="","",IF(B29>=4,"Cumple","No cumple"))
A31: Personas de finanzas con objeción al P&L en pantalla | B31: =COUNTIF(Datos!T2:T31,"Sí")
A32: Meta: ninguna | B32: =IF(B26=0,"",IF(B31=0,"Cumple","No cumple"))
A34: Decisión | B34: =IF(OR(B8="",B28="",B30="",B32=""),"Faltan datos",IF(AND(B8="Cumple",B28="Cumple",B30="Cumple",B32="Cumple"),"Evaluar Demo 5","Iterar con lo que mostró el piloto"))
